id,mine_id,borehole_id,latitude,longitude,depth_m,mn_grade_percent,fe_grade_percent,sio2_percent,p_percent,bulk_density_t_m3,rock_type,formation,core_recovery_percent,drill_date
1,1,BH-DON-001,21.551918,79.666034,37.8,44.35,6.91,12.58,0.159,3.76,Braunite-Gondite Ore,Chorbaoli Formation (Quartzite/Schist),85.7,2024-05-17
2,1,BH-DON-002,21.551874,79.694029,20.4,37.99,10.39,17.38,0.15,3.6,Braunite-Gondite Ore,Chorbaoli Formation (Quartzite/Schist),93.2,2022-11-28
3,1,BH-DON-003,21.540183,79.666454,72.0,48.63,8.43,11.53,0.161,3.82,Quartz-Muscovite Schist (Hanging Wall),Bichua Formation (Dolomitic Marble),84.0,2023-02-15
4,1,BH-DON-004,21.537582,79.667394,31.2,44.98,7.15,14.2,0.17,3.73,Lateritic Manganese Capping,Chorbaoli Formation (Quartzite/Schist),94.4,2021-06-13
5,1,BH-DON-005,21.554786,79.690156,190.3,35.24,9.85,12.88,0.163,3.58,Lateritic Manganese Capping,Mansar Formation (Main Mn Ore Horizon),91.7,2021-12-17
6,1,BH-DON-006,21.555434,79.672796,124.5,42.17,8.55,15.03,0.152,3.89,Manganiferous Quartzite,Mansar Formation (Main Mn Ore Horizon),85.7,2021-03-07
7,1,BH-DON-007,21.548632,79.696739,180.0,33.18,11.64,19.06,0.154,3.49,Lateritic Manganese Capping,Sitasaongi Formation (Quartz-Muscovite Schist),84.3,2021-10-13
8,1,BH-DON-008,21.545038,79.672786,65.6,45.96,6.42,10.79,0.11,3.72,Psilomelane-Pyrolusite Matrix,Bichua Formation (Dolomitic Marble),89.9,2025-03-28
9,1,BH-DON-009,21.56652,79.683938,24.7,44.65,8.78,12.4,0.131,3.84,Calc-Silicate Granulite (Footwall),Mansar Formation (Main Mn Ore Horizon),92.9,2021-08-23
10,1,BH-DON-010,21.546312,79.681224,154.8,36.62,9.36,15.19,0.152,3.55,Lateritic Manganese Capping,Lohangi Formation (Pink Calcite Marble & Calc-Granulite),97.6,2025-04-10
11,1,BH-DON-011,21.55811,79.684308,51.6,50.5,4.57,8.5,0.168,3.88,Calc-Silicate Granulite (Footwall),Mansar Formation (Main Mn Ore Horizon),91.6,2023-09-28
12,1,BH-DON-012,21.532745,79.696498,19.0,39.93,11.45,12.44,0.16,3.6,Braunite-Gondite Ore,Mansar Formation (Main Mn Ore Horizon),93.7,2025-07-30
13,1,BH-DON-013,21.562068,79.680123,29.2,43.11,6.16,14.01,0.171,3.67,Psilomelane-Pyrolusite Matrix,Bichua Formation (Dolomitic Marble),94.1,2024-11-13
14,1,BH-DON-014,21.549293,79.669246,56.2,46.46,5.65,16.53,0.149,3.75,Psilomelane-Pyrolusite Matrix,Mansar Formation (Main Mn Ore Horizon),87.4,2024-04-19
15,1,BH-DON-015,21.542555,79.6834,128.6,39.17,9.39,14.21,0.149,3.66,Manganiferous Quartzite,Sitasaongi Formation (Quartz-Muscovite Schist),85.4,2021-09-28
16,1,BH-DON-016,21.545314,79.668286,163.3,35.15,11.91,14.59,0.157,3.63,Lateritic Manganese Capping,Sitasaongi Formation (Quartz-Muscovite Schist),87.7,2023-04-22
17,1,BH-DON-017,21.56168,79.673842,110.7,42.35,6.67,13.76,0.153,3.66,Psilomelane-Pyrolusite Matrix,Bichua Formation (Dolomitic Marble),89.2,2023-05-15
18,1,BH-DON-018,21.561475,79.668415,52.6,47.99,4.5,11.26,0.18,3.92,Lateritic Manganese Capping,Bichua Formation (Dolomitic Marble),95.4,2021-07-11
19,1,BH-DON-019,21.544303,79.700361,204.9,34.24,10.45,15.35,0.16,3.5,Manganiferous Quartzite,Sitasaongi Formation (Quartz-Muscovite Schist),86.6,2024-11-27
20,1,BH-DON-020,21.541341,79.699764,211.3,33.81,12.71,16.72,0.16,3.47,Calc-Silicate Granulite (Footwall),Bichua Formation (Dolomitic Marble),83.0,2022-10-05
21,1,BH-DON-021,21.53735,79.686311,26.7,39.79,8.55,14.73,0.147,3.69,Lateritic Manganese Capping,Chorbaoli Formation (Quartzite/Schist),88.5,2024-03-12
22,1,BH-DON-022,21.54948,79.698539,65.5,47.4,5.45,9.27,0.12,3.89,Psilomelane-Pyrolusite Matrix,Lohangi Formation (Pink Calcite Marble & Calc-Granulite),85.8,2023-03-22
23,1,BH-DON-023,21.550928,79.668489,41.8,43.45,7.05,16.25,0.14,3.85,Calc-Silicate Granulite (Footwall),Chorbaoli Formation (Quartzite/Schist),90.1,2021-09-29
24,1,BH-DON-024,21.560675,79.690217,206.3,33.55,13.07,14.38,0.148,3.54,Calc-Silicate Granulite (Footwall),Bichua Formation (Dolomitic Marble),82.1,2025-08-01
25,1,BH-DON-025,21.536256,79.675033,128.7,40.47,8.82,14.81,0.146,3.77,Psilomelane-Pyrolusite Matrix,Lohangi Formation (Pink Calcite Marble & Calc-Granulite),85.3,2024-07-22
26,1,BH-DON-026,21.553494,79.694747,189.8,30.99,11.17,18.01,0.17,3.43,Braunite-Gondite Ore,Mansar Formation (Main Mn Ore Horizon),87.3,2021-09-25
27,1,BH-DON-027,21.562452,79.697431,145.6,36.43,12.31,13.8,0.148,3.61,Calc-Silicate Granulite (Footwall),Mansar Formation (Main Mn Ore Horizon),95.4,2024-04-07
28,1,BH-DON-028,21.565659,79.666326,128.3,39.54,9.03,14.43,0.125,3.79,Manganiferous Quartzite,Chorbaoli Formation (Quartzite/Schist),92.9,2024-09-27
29,1,BH-DON-029,21.561786,79.700033,36.1,45.11,5.12,9.62,0.16,3.89,Psilomelane-Pyrolusite Matrix,Sitasaongi Formation (Quartz-Muscovite Schist),82.4,2025-02-17
30,1,BH-DON-030,21.539594,79.670621,204.5,38.12,10.05,13.03,0.137,3.5,Lateritic Manganese Capping,Mansar Formation (Main Mn Ore Horizon),88.1,2021-03-21
31,1,BH-DON-031,21.531512,79.671843,191.0,34.38,13.18,15.04,0.162,3.54,Manganiferous Quartzite,Lohangi Formation (Pink Calcite Marble & Calc-Granulite),95.8,2025-05-03
32,1,BH-DON-032,21.564473,79.669042,72.2,45.98,6.52,9.9,0.169,3.79,Manganiferous Quartzite,Chorbaoli Formation (Quartzite/Schist),91.3,2022-06-28
33,1,BH-DON-033,21.563042,79.671733,22.8,39.7,8.67,14.57,0.136,3.69,Braunite-Gondite Ore,Sitasaongi Formation (Quartz-Muscovite Schist),82.0,2025-07-10
34,1,BH-DON-034,21.533179,79.688803,125.4,39.89,8.86,11.14,0.139,3.59,Manganiferous Quartzite,Bichua Formation (Dolomitic Marble),87.0,2025-10-03
35,1,BH-DON-035,21.537566,79.688827,40.5,47.33,6.02,9.9,0.129,3.8,Quartz-Muscovite Schist (Hanging Wall),Chorbaoli Formation (Quartzite/Schist),91.8,2022-09-09
36,1,BH-DON-036,21.5525,79.676491,98.2,42.12,9.03,11.72,0.158,3.85,Quartz-Muscovite Schist (Hanging Wall),Sitasaongi Formation (Quartz-Muscovite Schist),92.8,2023-11-13
37,1,BH-DON-037,21.542727,79.694353,112.0,46.22,5.96,11.57,0.156,3.7,Psilomelane-Pyrolusite Matrix,Lohangi Formation (Pink Calcite Marble & Calc-Granulite),85.6,2022-02-12
38,1,BH-DON-038,21.547055,79.696791,45.2,45.34,10.8,13.08,0.127,3.7,Calc-Silicate Granulite (Footwall),Chorbaoli Formation (Quartzite/Schist),93.5,2023-02-26
39,1,BH-DON-039,21.545965,79.671222,116.3,41.88,10.35,16.15,0.162,3.71,Lateritic Manganese Capping,Bichua Formation (Dolomitic Marble),89.4,2024-02-16
40,1,BH-DON-040,21.566224,79.686326,66.1,46.49,7.89,9.46,0.153,3.7,Quartz-Muscovite Schist (Hanging Wall),Bichua Formation (Dolomitic Marble),95.0,2023-10-31
41,1,BH-DON-041,21.560895,79.674873,102.5,46.66,6.35,12.94,0.186,3.69,Calc-Silicate Granulite (Footwall),Sitasaongi Formation (Quartz-Muscovite Schist),92.0,2022-07-17
42,1,BH-DON-042,21.533561,79.67032,105.2,45.19,7.34,10.38,0.124,3.93,Quartz-Muscovite Schist (Hanging Wall),Chorbaoli Formation (Quartzite/Schist),93.3,2021-05-12
43,1,BH-DON-043,21.564718,79.665593,100.0,43.46,9.27,15.59,0.173,3.64,Calc-Silicate Granulite (Footwall),Sitasaongi Formation (Quartz-Muscovite Schist),89.6,2022-12-22
44,1,BH-DON-044,21.557107,79.693685,76.2,50.33,4.5,11.77,0.162,3.82,Psilomelane-Pyrolusite Matrix,Sitasaongi Formation (Quartz-Muscovite Schist),85.5,2023-06-12
45,1,BH-DON-045,21.565966,79.684118,114.6,39.25,10.59,15.2,0.127,3.74,Quartz-Muscovite Schist (Hanging Wall),Bichua Formation (Dolomitic Marble),91.0,2021-02-25
46,2,BH-BAL-001,21.839342,80.220433,146.8,33.89,12.03,18.26,0.184,3.54,Quartz-Muscovite Schist (Hanging Wall),Lohangi Formation (Pink Calcite Marble & Calc-Granulite),94.0,2025-08-31
47,2,BH-BAL-002,21.834192,80.243129,101.4,48.49,5.32,10.18,0.139,3.92,Braunite-Gondite Ore,Mansar Formation (Main Mn Ore Horizon),97.2,2022-02-13
48,2,BH-BAL-003,21.865841,80.225408,187.0,35.03,10.15,15.32,0.149,3.55,Manganiferous Quartzite,Lohangi Formation (Pink Calcite Marble & Calc-Granulite),84.7,2024-05-28
49,2,BH-BAL-004,21.852451,80.241356,212.6,34.28,8.99,17.38,0.178,3.36,Quartz-Muscovite Schist (Hanging Wall),Sitasaongi Formation (Quartz-Muscovite Schist),97.1,2022-02-11
50,2,BH-BAL-005,21.862333,80.230282,30.6,42.76,7.7,10.4,0.174,3.81,Braunite-Gondite Ore,Bichua Formation (Dolomitic Marble),94.5,2022-12-13
51,2,BH-BAL-006,21.847329,80.221706,124.2,41.96,8.19,12.95,0.15,3.63,Quartz-Muscovite Schist (Hanging Wall),Chorbaoli Formation (Quartzite/Schist),89.0,2025-02-11
52,2,BH-BAL-007,21.848457,80.238393,122.0,44.31,6.85,10.04,0.175,3.7,Calc-Silicate Granulite (Footwall),Lohangi Formation (Pink Calcite Marble & Calc-Granulite),87.2,2022-05-18
53,2,BH-BAL-008,21.832755,80.239301,185.3,40.03,10.47,14.06,0.177,3.6,Psilomelane-Pyrolusite Matrix,Sitasaongi Formation (Quartz-Muscovite Schist),85.4,2025-06-22
54,2,BH-BAL-009,21.850321,80.215545,68.0,48.79,6.09,12.43,0.17,3.8,Psilomelane-Pyrolusite Matrix,Sitasaongi Formation (Quartz-Muscovite Schist),89.8,2025-04-02
55,2,BH-BAL-010,21.840481,80.23257,64.3,46.35,7.45,10.82,0.148,3.79,Manganiferous Quartzite,Sitasaongi Formation (Quartz-Muscovite Schist),90.9,2022-12-06
56,2,BH-BAL-011,21.840773,80.213011,102.2,49.35,6.18,8.18,0.136,3.82,Psilomelane-Pyrolusite Matrix,Lohangi Formation (Pink Calcite Marble & Calc-Granulite),83.9,2024-01-03
57,2,BH-BAL-012,21.853206,80.243965,209.9,34.56,10.21,16.34,0.145,3.42,Psilomelane-Pyrolusite Matrix,Lohangi Formation (Pink Calcite Marble & Calc-Granulite),85.6,2022-01-03
58,2,BH-BAL-013,21.842239,80.242654,77.0,47.93,6.5,9.53,0.15,3.86,Lateritic Manganese Capping,Sitasaongi Formation (Quartz-Muscovite Schist),83.6,2021-01-26
59,2,BH-BAL-014,21.861318,80.223092,132.7,38.21,10.02,15.04,0.164,3.7,Braunite-Gondite Ore,Bichua Formation (Dolomitic Marble),92.1,2021-04-20
60,2,BH-BAL-015,21.851813,80.223649,46.1,47.32,7.96,6.63,0.15,3.87,Calc-Silicate Granulite (Footwall),Bichua Formation (Dolomitic Marble),85.6,2023-12-07
61,2,BH-BAL-016,21.866286,80.212239,93.0,50.26,5.37,7.77,0.128,3.88,Psilomelane-Pyrolusite Matrix,Chorbaoli Formation (Quartzite/Schist),86.2,2021-06-16
62,2,BH-BAL-017,21.853099,80.219152,47.2,48.15,6.81,10.96,0.169,3.86,Psilomelane-Pyrolusite Matrix,Lohangi Formation (Pink Calcite Marble & Calc-Granulite),93.3,2024-12-10
63,2,BH-BAL-018,21.838843,80.212799,191.2,37.09,10.51,15.02,0.193,3.47,Psilomelane-Pyrolusite Matrix,Chorbaoli Formation (Quartzite/Schist),96.5,2025-08-20
64,2,BH-BAL-019,21.864885,80.224477,44.2,45.63,9.38,12.64,0.121,3.71,Quartz-Muscovite Schist (Hanging Wall),Lohangi Formation (Pink Calcite Marble & Calc-Granulite),93.2,2022-07-12
65,2,BH-BAL-020,21.83501,80.243296,117.6,42.78,8.33,14.6,0.162,3.7,Calc-Silicate Granulite (Footwall),Bichua Formation (Dolomitic Marble),97.2,2025-04-16
66,2,BH-BAL-021,21.855176,80.241646,152.8,39.56,9.3,14.71,0.158,3.56,Psilomelane-Pyrolusite Matrix,Bichua Formation (Dolomitic Marble),89.0,2025-07-26
67,2,BH-BAL-022,21.856694,80.219043,115.8,46.11,7.85,9.91,0.171,3.85,Quartz-Muscovite Schist (Hanging Wall),Bichua Formation (Dolomitic Marble),82.6,2021-06-30
68,2,BH-BAL-023,21.867294,80.232343,79.5,48.29,5.13,14.54,0.137,3.91,Calc-Silicate Granulite (Footwall),Sitasaongi Formation (Quartz-Muscovite Schist),88.6,2022-01-20
69,2,BH-BAL-024,21.842091,80.240377,121.3,40.94,7.92,13.03,0.155,3.68,Quartz-Muscovite Schist (Hanging Wall),Mansar Formation (Main Mn Ore Horizon),82.5,2024-07-14
70,2,BH-BAL-025,21.835078,80.244388,139.8,40.96,8.94,14.62,0.132,3.65,Braunite-Gondite Ore,Sitasaongi Formation (Quartz-Muscovite Schist),97.2,2024-08-19
71,2,BH-BAL-026,21.840496,80.228513,185.6,31.64,11.89,16.33,0.16,3.57,Quartz-Muscovite Schist (Hanging Wall),Chorbaoli Formation (Quartzite/Schist),96.7,2023-11-07
72,2,BH-BAL-027,21.843958,80.237025,168.0,30.44,12.56,18.82,0.173,3.28,Manganiferous Quartzite,Mansar Formation (Main Mn Ore Horizon),86.5,2022-09-04
73,3,BH-CHI-001,21.538636,79.769472,133.9,36.28,8.36,13.72,0.162,3.5,Psilomelane-Pyrolusite Matrix,Chorbaoli Formation (Quartzite/Schist),91.1,2022-04-24
74,3,BH-CHI-002,21.53878,79.771472,190.5,37.69,9.05,15.88,0.116,3.63,Lateritic Manganese Capping,Chorbaoli Formation (Quartzite/Schist),89.9,2021-03-17
75,3,BH-CHI-003,21.525609,79.741079,40.9,47.72,6.5,13.33,0.176,3.99,Lateritic Manganese Capping,Chorbaoli Formation (Quartzite/Schist),83.2,2025-05-20
76,3,BH-CHI-004,21.55574,79.766825,213.7,36.91,9.22,17.74,0.141,3.46,Quartz-Muscovite Schist (Hanging Wall),Lohangi Formation (Pink Calcite Marble & Calc-Granulite),92.0,2025-04-05
77,3,BH-CHI-005,21.52831,79.771109,115.0,39.16,9.04,14.64,0.187,3.63,Lateritic Manganese Capping,Mansar Formation (Main Mn Ore Horizon),89.1,2024-11-22
78,3,BH-CHI-006,21.540561,79.74468,76.4,49.9,7.08,9.83,0.162,3.92,Quartz-Muscovite Schist (Hanging Wall),Bichua Formation (Dolomitic Marble),92.9,2022-01-04
79,3,BH-CHI-007,21.541657,79.745032,49.8,50.5,7.0,8.3,0.131,3.95,Manganiferous Quartzite,Mansar Formation (Main Mn Ore Horizon),96.4,2023-08-11
80,3,BH-CHI-008,21.546209,79.758891,199.7,33.11,11.1,16.15,0.143,3.52,Quartz-Muscovite Schist (Hanging Wall),Lohangi Formation (Pink Calcite Marble & Calc-Granulite),89.3,2022-09-11
81,3,BH-CHI-009,21.535684,79.771095,55.8,45.44,8.37,11.74,0.175,3.57,Lateritic Manganese Capping,Sitasaongi Formation (Quartz-Muscovite Schist),86.4,2024-03-05
82,3,BH-CHI-010,21.555038,79.768395,192.3,30.41,12.84,13.54,0.182,3.36,Psilomelane-Pyrolusite Matrix,Bichua Formation (Dolomitic Marble),94.8,2022-03-25
83,3,BH-CHI-011,21.557579,79.759157,145.5,34.47,9.73,16.01,0.131,3.59,Manganiferous Quartzite,Sitasaongi Formation (Quartz-Muscovite Schist),82.5,2023-01-18
84,3,BH-CHI-012,21.529814,79.755308,165.1,32.18,12.55,18.33,0.166,3.42,Manganiferous Quartzite,Bichua Formation (Dolomitic Marble),90.0,2022-07-13
85,3,BH-CHI-013,21.529202,79.770553,185.2,33.95,13.37,13.48,0.158,3.51,Psilomelane-Pyrolusite Matrix,Chorbaoli Formation (Quartzite/Schist),95.8,2025-01-23
86,3,BH-CHI-014,21.539261,79.74541,153.3,33.98,9.27,18.8,0.159,3.5,Braunite-Gondite Ore,Sitasaongi Formation (Quartz-Muscovite Schist),87.9,2025-03-14
87,3,BH-CHI-015,21.556888,79.7561,152.8,32.29,10.54,18.27,0.162,3.48,Calc-Silicate Granulite (Footwall),Chorbaoli Formation (Quartzite/Schist),92.4,2024-07-25
88,3,BH-CHI-016,21.559121,79.746846,183.9,34.76,11.73,15.53,0.15,3.56,Quartz-Muscovite Schist (Hanging Wall),Mansar Formation (Main Mn Ore Horizon),83.6,2024-01-06
89,3,BH-CHI-017,21.530619,79.750825,42.8,42.28,8.98,12.79,0.104,3.6,Braunite-Gondite Ore,Sitasaongi Formation (Quartz-Muscovite Schist),91.9,2022-07-27
90,3,BH-CHI-018,21.528633,79.760573,21.7,43.87,7.07,13.67,0.192,3.7,Calc-Silicate Granulite (Footwall),Lohangi Formation (Pink Calcite Marble & Calc-Granulite),83.0,2022-07-20
91,3,BH-CHI-019,21.525825,79.764214,53.9,50.5,7.46,6.73,0.145,3.84,Psilomelane-Pyrolusite Matrix,Chorbaoli Formation (Quartzite/Schist),94.6,2022-02-25
92,3,BH-CHI-020,21.536884,79.741201,29.1,40.7,9.05,12.46,0.16,3.83,Calc-Silicate Granulite (Footwall),Mansar Formation (Main Mn Ore Horizon),86.4,2021-10-24
93,3,BH-CHI-021,21.55344,79.757088,217.4,29.34,12.07,21.58,0.2,3.46,Braunite-Gondite Ore,Chorbaoli Formation (Quartzite/Schist),86.2,2021-09-17
94,3,BH-CHI-022,21.543533,79.739815,167.1,36.77,8.27,14.97,0.123,3.6,Calc-Silicate Granulite (Footwall),Chorbaoli Formation (Quartzite/Schist),97.1,2021-03-30
95,3,BH-CHI-023,21.555559,79.751235,164.1,38.33,8.78,13.93,0.182,3.9,Braunite-Gondite Ore,Sitasaongi Formation (Quartz-Muscovite Schist),93.4,2023-06-28
96,3,BH-CHI-024,21.547847,79.75563,30.1,45.28,8.95,12.82,0.167,3.81,Manganiferous Quartzite,Sitasaongi Formation (Quartz-Muscovite Schist),97.9,2023-12-23
97,3,BH-CHI-025,21.544904,79.767047,75.5,45.54,7.38,11.74,0.14,3.7,Quartz-Muscovite Schist (Hanging Wall),Sitasaongi Formation (Quartz-Muscovite Schist),96.2,2023-04-28
98,3,BH-CHI-026,21.549,79.749364,84.5,43.32,6.95,13.04,0.17,3.79,Psilomelane-Pyrolusite Matrix,Sitasaongi Formation (Quartz-Muscovite Schist),83.1,2025-08-31
99,3,BH-CHI-027,21.545277,79.760009,32.5,40.23,9.95,13.23,0.161,3.85,Quartz-Muscovite Schist (Hanging Wall),Lohangi Formation (Pink Calcite Marble & Calc-Granulite),96.0,2025-03-17
100,3,BH-CHI-028,21.528786,79.754156,101.7,47.37,7.18,10.39,0.142,3.9,Psilomelane-Pyrolusite Matrix,Sitasaongi Formation (Quartz-Muscovite Schist),85.6,2021-08-10
101,3,BH-CHI-029,21.552684,79.758271,86.8,46.15,7.03,11.0,0.162,3.71,Lateritic Manganese Capping,Bichua Formation (Dolomitic Marble),82.4,2024-09-09
102,3,BH-CHI-030,21.53729,79.736109,185.0,35.54,10.54,17.14,0.158,3.49,Psilomelane-Pyrolusite Matrix,Bichua Formation (Dolomitic Marble),92.5,2021-05-23
103,3,BH-CHI-031,21.538378,79.761866,44.1,45.64,7.17,11.43,0.135,3.73,Calc-Silicate Granulite (Footwall),Bichua Formation (Dolomitic Marble),83.4,2021-04-18
104,3,BH-CHI-032,21.540321,79.757744,46.9,47.59,6.78,10.01,0.164,3.88,Quartz-Muscovite Schist (Hanging Wall),Lohangi Formation (Pink Calcite Marble & Calc-Granulite),85.4,2023-11-16
105,3,BH-CHI-033,21.539285,79.757465,38.3,43.23,8.58,11.64,0.128,3.73,Braunite-Gondite Ore,Chorbaoli Formation (Quartzite/Schist),86.8,2022-03-09
106,3,BH-CHI-034,21.54056,79.74054,172.3,34.05,11.19,15.2,0.175,3.58,Calc-Silicate Granulite (Footwall),Chorbaoli Formation (Quartzite/Schist),90.0,2025-09-03
107,3,BH-CHI-035,21.536326,79.751343,151.9,34.87,11.8,16.21,0.139,3.51,Quartz-Muscovite Schist (Hanging Wall),Sitasaongi Formation (Quartz-Muscovite Schist),86.6,2023-04-10
108,3,BH-CHI-036,21.558168,79.739062,19.3,41.64,7.7,16.15,0.133,3.6,Braunite-Gondite Ore,Chorbaoli Formation (Quartzite/Schist),89.0,2023-04-01
109,3,BH-CHI-037,21.529161,79.754247,122.4,39.35,10.04,13.43,0.169,3.69,Manganiferous Quartzite,Lohangi Formation (Pink Calcite Marble & Calc-Granulite),93.6,2025-08-05
110,3,BH-CHI-038,21.530559,79.763218,147.3,39.56,9.68,14.87,0.157,3.7,Braunite-Gondite Ore,Chorbaoli Formation (Quartzite/Schist),97.2,2024-07-10
111,3,BH-CHI-039,21.547539,79.767002,116.3,42.38,6.41,9.05,0.157,3.61,Lateritic Manganese Capping,Lohangi Formation (Pink Calcite Marble & Calc-Granulite),84.4,2021-05-20
112,3,BH-CHI-040,21.527727,79.752512,111.1,41.88,7.15,10.79,0.131,3.66,Braunite-Gondite Ore,Mansar Formation (Main Mn Ore Horizon),87.9,2022-08-11
113,3,BH-CHI-041,21.553561,79.768141,30.7,46.88,5.22,9.3,0.128,3.73,Quartz-Muscovite Schist (Hanging Wall),Bichua Formation (Dolomitic Marble),92.4,2022-10-21
114,3,BH-CHI-042,21.555202,79.771255,139.0,38.87,6.54,14.47,0.121,3.68,Braunite-Gondite Ore,Bichua Formation (Dolomitic Marble),92.3,2021-03-22
115,3,BH-CHI-043,21.539772,79.74807,65.8,45.75,7.85,10.36,0.144,3.75,Calc-Silicate Granulite (Footwall),Mansar Formation (Main Mn Ore Horizon),94.6,2024-08-18
116,4,BH-MUN-001,21.407025,79.295461,28.5,39.01,11.01,15.96,0.153,3.76,Psilomelane-Pyrolusite Matrix,Lohangi Formation (Pink Calcite Marble & Calc-Granulite),83.3,2024-09-21
117,4,BH-MUN-002,21.394534,79.276393,44.0,36.17,12.97,15.15,0.139,3.41,Manganiferous Quartzite,Chorbaoli Formation (Quartzite/Schist),92.7,2025-08-25
118,4,BH-MUN-003,21.401695,79.263489,209.2,25.99,16.33,20.23,0.195,3.39,Manganiferous Quartzite,Chorbaoli Formation (Quartzite/Schist),97.2,2022-12-01
119,4,BH-MUN-004,21.41114,79.292897,209.3,27.52,13.27,20.08,0.176,3.38,Calc-Silicate Granulite (Footwall),Mansar Formation (Main Mn Ore Horizon),92.6,2025-11-30
120,4,BH-MUN-005,21.411149,79.291959,172.1,29.22,13.44,20.13,0.19,3.53,Psilomelane-Pyrolusite Matrix,Sitasaongi Formation (Quartz-Muscovite Schist),82.7,2023-01-17
121,4,BH-MUN-006,21.39453,79.291943,153.7,31.68,13.16,17.09,0.195,3.37,Quartz-Muscovite Schist (Hanging Wall),Chorbaoli Formation (Quartzite/Schist),87.9,2024-03-14
122,4,BH-MUN-007,21.418175,79.292241,216.8,30.24,11.38,18.74,0.149,3.49,Calc-Silicate Granulite (Footwall),Chorbaoli Formation (Quartzite/Schist),96.0,2021-04-17
123,4,BH-MUN-008,21.410861,79.272653,146.4,34.45,9.89,19.28,0.191,3.57,Calc-Silicate Granulite (Footwall),Chorbaoli Formation (Quartzite/Schist),95.3,2021-07-07
124,4,BH-MUN-009,21.385306,79.280905,209.0,27.66,13.38,21.49,0.171,3.38,Psilomelane-Pyrolusite Matrix,Sitasaongi Formation (Quartz-Muscovite Schist),97.9,2023-02-07
125,4,BH-MUN-010,21.416415,79.279841,61.0,41.25,9.3,13.08,0.135,3.7,Psilomelane-Pyrolusite Matrix,Sitasaongi Formation (Quartz-Muscovite Schist),89.2,2021-01-11
126,4,BH-MUN-011,21.405309,79.27807,200.7,29.94,13.25,18.68,0.195,3.57,Manganiferous Quartzite,Chorbaoli Formation (Quartzite/Schist),86.8,2021-04-08
127,4,BH-MUN-012,21.406139,79.283535,63.9,39.61,8.04,17.34,0.178,3.55,Lateritic Manganese Capping,Chorbaoli Formation (Quartzite/Schist),86.7,2021-01-04
128,4,BH-MUN-013,21.418477,79.265269,141.0,32.88,11.55,19.07,0.163,3.46,Calc-Silicate Granulite (Footwall),Bichua Formation (Dolomitic Marble),90.1,2023-11-06
129,4,BH-MUN-014,21.411776,79.275246,128.6,32.5,12.46,14.04,0.113,3.48,Lateritic Manganese Capping,Mansar Formation (Main Mn Ore Horizon),94.3,2025-02-14
130,4,BH-MUN-015,21.413283,79.287482,170.1,30.73,12.91,19.42,0.153,3.53,Lateritic Manganese Capping,Sitasaongi Formation (Quartz-Muscovite Schist),92.1,2025-07-20
131,4,BH-MUN-016,21.39475,79.273996,42.6,38.55,6.85,15.83,0.163,3.67,Quartz-Muscovite Schist (Hanging Wall),Bichua Formation (Dolomitic Marble),89.6,2021-03-16
132,4,BH-MUN-017,21.395338,79.267314,169.4,25.28,14.32,22.0,0.183,3.15,Manganiferous Quartzite,Sitasaongi Formation (Quartz-Muscovite Schist),96.2,2025-03-03
133,4,BH-MUN-018,21.392991,79.265807,105.1,40.81,8.65,14.7,0.185,3.58,Quartz-Muscovite Schist (Hanging Wall),Mansar Formation (Main Mn Ore Horizon),88.9,2025-08-12
134,4,BH-MUN-019,21.399442,79.288669,52.0,44.3,7.67,12.87,0.144,3.82,Psilomelane-Pyrolusite Matrix,Sitasaongi Formation (Quartz-Muscovite Schist),87.6,2021-03-28
135,4,BH-MUN-020,21.407552,79.277457,164.0,33.58,10.38,14.53,0.168,3.51,Calc-Silicate Granulite (Footwall),Chorbaoli Formation (Quartzite/Schist),97.2,2021-10-20
136,4,BH-MUN-021,21.406615,79.27587,189.0,28.76,12.23,17.32,0.174,3.43,Calc-Silicate Granulite (Footwall),Mansar Formation (Main Mn Ore Horizon),91.7,2024-10-22
137,4,BH-MUN-022,21.393422,79.297412,107.2,36.41,11.29,16.48,0.166,3.53,Braunite-Gondite Ore,Chorbaoli Formation (Quartzite/Schist),90.0,2023-03-04
138,4,BH-MUN-023,21.405417,79.287816,202.3,30.98,13.62,20.16,0.166,3.39,Quartz-Muscovite Schist (Hanging Wall),Chorbaoli Formation (Quartzite/Schist),84.0,2025-10-13
139,4,BH-MUN-024,21.407431,79.288376,30.2,39.68,10.98,17.43,0.163,3.88,Calc-Silicate Granulite (Footwall),Bichua Formation (Dolomitic Marble),86.6,2022-09-07
140,4,BH-MUN-025,21.401704,79.267202,189.5,28.09,12.36,15.36,0.135,3.27,Psilomelane-Pyrolusite Matrix,Chorbaoli Formation (Quartzite/Schist),85.8,2023-10-09
141,4,BH-MUN-026,21.394523,79.298818,20.4,33.9,10.77,17.5,0.14,3.49,Lateritic Manganese Capping,Sitasaongi Formation (Quartz-Muscovite Schist),90.4,2025-04-25
142,4,BH-MUN-027,21.400159,79.281458,98.9,38.9,9.0,14.07,0.152,3.66,Psilomelane-Pyrolusite Matrix,Bichua Formation (Dolomitic Marble),92.2,2022-01-08
143,4,BH-MUN-028,21.38922,79.296484,172.4,32.2,12.72,19.81,0.142,3.41,Psilomelane-Pyrolusite Matrix,Lohangi Formation (Pink Calcite Marble & Calc-Granulite),97.2,2023-11-29
144,4,BH-MUN-029,21.387895,79.273735,198.5,29.18,13.18,17.74,0.148,3.32,Calc-Silicate Granulite (Footwall),Mansar Formation (Main Mn Ore Horizon),90.0,2021-12-12
145,4,BH-MUN-030,21.384872,79.293929,136.3,32.17,11.35,14.77,0.127,3.38,Braunite-Gondite Ore,Mansar Formation (Main Mn Ore Horizon),97.2,2025-04-29
146,4,BH-MUN-031,21.401318,79.285411,133.2,38.8,8.39,12.04,0.125,3.69,Manganiferous Quartzite,Lohangi Formation (Pink Calcite Marble & Calc-Granulite),89.7,2025-07-07
147,4,BH-MUN-032,21.395636,79.268005,180.5,27.54,13.92,19.21,0.157,3.28,Lateritic Manganese Capping,Lohangi Formation (Pink Calcite Marble & Calc-Granulite),93.7,2025-10-29
148,4,BH-MUN-033,21.392092,79.267244,85.8,42.62,6.73,14.63,0.147,3.72,Quartz-Muscovite Schist (Hanging Wall),Chorbaoli Formation (Quartzite/Schist),84.3,2021-04-14
149,4,BH-MUN-034,21.404186,79.274091,74.5,39.33,10.52,14.34,0.196,3.68,Psilomelane-Pyrolusite Matrix,Sitasaongi Formation (Quartz-Muscovite Schist),97.9,2023-08-15
150,4,BH-MUN-035,21.41819,79.270578,117.2,38.44,9.61,15.07,0.18,3.59,Manganiferous Quartzite,Mansar Formation (Main Mn Ore Horizon),82.8,2023-10-11
151,5,BH-KAN-001,21.419857,79.27561,195.9,30.04,11.27,15.09,0.149,3.27,Manganiferous Quartzite,Mansar Formation (Main Mn Ore Horizon),88.4,2024-03-13
152,5,BH-KAN-002,21.413462,79.277822,130.2,39.15,8.83,15.51,0.142,3.7,Calc-Silicate Granulite (Footwall),Bichua Formation (Dolomitic Marble),83.9,2021-07-18
153,5,BH-KAN-003,21.41167,79.249742,95.8,43.64,6.99,15.16,0.145,3.78,Psilomelane-Pyrolusite Matrix,Lohangi Formation (Pink Calcite Marble & Calc-Granulite),94.9,2023-11-30
154,5,BH-KAN-004,21.399517,79.283773,108.7,43.67,6.89,11.01,0.135,3.85,Lateritic Manganese Capping,Lohangi Formation (Pink Calcite Marble & Calc-Granulite),91.5,2023-11-05
155,5,BH-KAN-005,21.428943,79.269124,184.8,28.04,12.65,18.36,0.201,3.29,Lateritic Manganese Capping,Mansar Formation (Main Mn Ore Horizon),91.6,2022-06-28
156,5,BH-KAN-006,21.414674,79.254249,213.2,34.2,11.48,13.56,0.126,3.46,Lateritic Manganese Capping,Bichua Formation (Dolomitic Marble),94.4,2023-02-18
157,5,BH-KAN-007,21.399119,79.272969,45.3,42.89,8.0,13.52,0.151,3.8,Quartz-Muscovite Schist (Hanging Wall),Bichua Formation (Dolomitic Marble),94.4,2023-08-24
158,5,BH-KAN-008,21.405369,79.271951,193.9,31.93,11.74,16.99,0.171,3.51,Calc-Silicate Granulite (Footwall),Sitasaongi Formation (Quartz-Muscovite Schist),87.0,2021-12-21
159,5,BH-KAN-009,21.403184,79.265541,109.2,37.67,9.63,13.42,0.118,3.54,Psilomelane-Pyrolusite Matrix,Lohangi Formation (Pink Calcite Marble & Calc-Granulite),90.9,2022-04-06
160,5,BH-KAN-010,21.411271,79.265384,208.0,27.39,15.28,19.33,0.16,3.24,Calc-Silicate Granulite (Footwall),Lohangi Formation (Pink Calcite Marble & Calc-Granulite),86.6,2024-03-20
161,5,BH-KAN-011,21.404022,79.27382,153.7,28.7,15.12,20.95,0.127,3.41,Manganiferous Quartzite,Sitasaongi Formation (Quartz-Muscovite Schist),92.5,2025-03-11
162,5,BH-KAN-012,21.398609,79.270275,113.2,38.06,10.26,17.01,0.191,3.56,Calc-Silicate Granulite (Footwall),Chorbaoli Formation (Quartzite/Schist),85.9,2024-10-03
163,5,BH-KAN-013,21.398616,79.282834,200.6,31.84,12.67,18.97,0.178,3.35,Psilomelane-Pyrolusite Matrix,Sitasaongi Formation (Quartz-Muscovite Schist),92.4,2025-12-04
164,5,BH-KAN-014,21.395797,79.275785,112.5,40.79,7.77,11.19,0.144,3.74,Lateritic Manganese Capping,Bichua Formation (Dolomitic Marble),85.7,2025-02-21
165,5,BH-KAN-015,21.429565,79.262403,163.2,38.06,8.79,16.56,0.198,3.69,Quartz-Muscovite Schist (Hanging Wall),Chorbaoli Formation (Quartzite/Schist),97.0,2025-11-22
166,5,BH-KAN-016,21.429055,79.258355,204.8,36.53,10.43,15.39,0.15,3.56,Lateritic Manganese Capping,Bichua Formation (Dolomitic Marble),90.4,2021-10-02
167,5,BH-KAN-017,21.40037,79.274629,189.5,30.16,12.51,19.24,0.176,3.36,Manganiferous Quartzite,Bichua Formation (Dolomitic Marble),92.8,2022-01-31
168,5,BH-KAN-018,21.39679,79.272204,51.0,44.4,9.37,9.0,0.154,3.68,Psilomelane-Pyrolusite Matrix,Chorbaoli Formation (Quartzite/Schist),89.6,2022-05-24
169,5,BH-KAN-019,21.403083,79.261055,16.4,36.09,11.32,15.59,0.177,3.48,Psilomelane-Pyrolusite Matrix,Mansar Formation (Main Mn Ore Horizon),92.7,2023-08-12
170,5,BH-KAN-020,21.404862,79.252338,77.9,43.26,6.98,13.72,0.179,3.66,Manganiferous Quartzite,Lohangi Formation (Pink Calcite Marble & Calc-Granulite),91.8,2022-03-25
171,5,BH-KAN-021,21.420932,79.276983,211.3,28.73,12.99,20.81,0.171,3.34,Psilomelane-Pyrolusite Matrix,Chorbaoli Formation (Quartzite/Schist),92.9,2024-05-05
172,5,BH-KAN-022,21.413977,79.250334,194.0,26.4,14.69,21.08,0.17,3.3,Calc-Silicate Granulite (Footwall),Bichua Formation (Dolomitic Marble),85.2,2024-01-05
173,5,BH-KAN-023,21.412041,79.277224,45.7,41.79,9.91,14.1,0.164,3.67,Quartz-Muscovite Schist (Hanging Wall),Chorbaoli Formation (Quartzite/Schist),90.2,2023-07-25
174,5,BH-KAN-024,21.402827,79.24822,130.6,36.36,8.69,14.67,0.155,3.59,Psilomelane-Pyrolusite Matrix,Bichua Formation (Dolomitic Marble),83.2,2023-05-18
175,5,BH-KAN-025,21.408386,79.275794,85.6,50.5,7.34,9.9,0.142,3.93,Lateritic Manganese Capping,Sitasaongi Formation (Quartz-Muscovite Schist),88.0,2023-02-23
176,5,BH-KAN-026,21.425151,79.252899,107.0,40.9,9.93,12.72,0.197,3.78,Manganiferous Quartzite,Mansar Formation (Main Mn Ore Horizon),84.9,2024-01-06
177,5,BH-KAN-027,21.419554,79.26338,95.6,47.87,9.07,11.99,0.121,3.94,Quartz-Muscovite Schist (Hanging Wall),Chorbaoli Formation (Quartzite/Schist),86.0,2022-12-10
178,5,BH-KAN-028,21.417434,79.270248,46.8,43.0,9.16,16.05,0.161,3.71,Braunite-Gondite Ore,Chorbaoli Formation (Quartzite/Schist),85.3,2021-07-26
179,5,BH-KAN-029,21.413098,79.275269,136.8,32.4,12.22,18.36,0.155,3.56,Braunite-Gondite Ore,Chorbaoli Formation (Quartzite/Schist),90.1,2022-08-16
180,5,BH-KAN-030,21.423129,79.25664,63.0,45.65,8.75,10.27,0.115,3.73,Psilomelane-Pyrolusite Matrix,Bichua Formation (Dolomitic Marble),85.5,2022-09-08
181,5,BH-KAN-031,21.395355,79.26051,71.4,41.94,8.02,13.02,0.14,3.66,Lateritic Manganese Capping,Sitasaongi Formation (Quartz-Muscovite Schist),94.6,2022-10-15
182,5,BH-KAN-032,21.402342,79.256223,157.7,30.54,11.38,19.09,0.178,3.52,Lateritic Manganese Capping,Chorbaoli Formation (Quartzite/Schist),94.9,2021-04-29
183,5,BH-KAN-033,21.426867,79.278608,130.3,40.08,8.87,14.86,0.168,3.7,Braunite-Gondite Ore,Bichua Formation (Dolomitic Marble),93.6,2022-01-26
184,5,BH-KAN-034,21.422634,79.269264,25.6,43.24,6.99,14.25,0.163,3.75,Lateritic Manganese Capping,Bichua Formation (Dolomitic Marble),85.5,2022-03-04
185,5,BH-KAN-035,21.429652,79.265352,193.2,28.56,15.47,22.0,0.18,3.42,Psilomelane-Pyrolusite Matrix,Bichua Formation (Dolomitic Marble),93.3,2023-03-24
186,5,BH-KAN-036,21.4066,79.257527,202.6,31.24,10.04,16.94,0.144,3.52,Calc-Silicate Granulite (Footwall),Sitasaongi Formation (Quartz-Muscovite Schist),89.5,2025-07-03
187,5,BH-KAN-037,21.401633,79.253364,216.2,26.73,13.88,21.46,0.164,3.25,Manganiferous Quartzite,Bichua Formation (Dolomitic Marble),97.0,2024-04-01
188,5,BH-KAN-038,21.402513,79.267934,162.6,34.67,10.68,17.54,0.167,3.64,Lateritic Manganese Capping,Lohangi Formation (Pink Calcite Marble & Calc-Granulite),86.1,2025-08-10
189,5,BH-KAN-039,21.413343,79.254737,115.2,38.97,7.59,11.63,0.157,3.61,Calc-Silicate Granulite (Footwall),Mansar Formation (Main Mn Ore Horizon),90.4,2025-09-15
190,5,BH-KAN-040,21.423999,79.256443,188.6,32.89,13.15,16.3,0.163,3.41,Lateritic Manganese Capping,Chorbaoli Formation (Quartzite/Schist),82.1,2023-11-02
191,5,BH-KAN-041,21.412827,79.262919,108.5,44.19,8.49,15.75,0.142,3.75,Braunite-Gondite Ore,Bichua Formation (Dolomitic Marble),93.6,2024-01-03
192,5,BH-KAN-042,21.426419,79.251964,215.4,31.06,14.25,18.38,0.149,3.32,Braunite-Gondite Ore,Bichua Formation (Dolomitic Marble),84.4,2022-01-29
193,5,BH-KAN-043,21.402422,79.273212,142.1,35.13,11.88,16.39,0.153,3.63,Manganiferous Quartzite,Mansar Formation (Main Mn Ore Horizon),92.5,2025-10-24
194,5,BH-KAN-044,21.41659,79.273413,148.2,33.69,12.42,17.2,0.147,3.57,Braunite-Gondite Ore,Sitasaongi Formation (Quartz-Muscovite Schist),95.5,2024-08-13
195,6,BH-GUM-001,21.406922,78.985737,82.9,48.71,5.95,13.27,0.126,3.89,Manganiferous Quartzite,Mansar Formation (Main Mn Ore Horizon),96.8,2024-11-02
196,6,BH-GUM-002,21.393321,78.999946,204.7,35.08,12.02,14.84,0.202,3.58,Calc-Silicate Granulite (Footwall),Chorbaoli Formation (Quartzite/Schist),94.0,2024-12-30
197,6,BH-GUM-003,21.40146,78.979151,183.3,32.05,11.31,15.44,0.148,3.54,Lateritic Manganese Capping,Chorbaoli Formation (Quartzite/Schist),94.6,2024-11-12
198,6,BH-GUM-004,21.412192,78.977594,163.5,28.05,9.78,19.35,0.189,3.4,Calc-Silicate Granulite (Footwall),Bichua Formation (Dolomitic Marble),88.3,2025-05-04
199,6,BH-GUM-005,21.388687,78.986425,81.9,39.19,7.89,13.13,0.157,3.57,Quartz-Muscovite Schist (Hanging Wall),Mansar Formation (Main Mn Ore Horizon),94.4,2022-08-28
200,6,BH-GUM-006,21.40482,78.991961,178.6,29.51,12.44,18.0,0.183,3.51,Manganiferous Quartzite,Lohangi Formation (Pink Calcite Marble & Calc-Granulite),83.7,2021-01-11
201,6,BH-GUM-007,21.400448,78.969052,208.3,25.74,14.45,21.03,0.178,3.23,Braunite-Gondite Ore,Lohangi Formation (Pink Calcite Marble & Calc-Granulite),90.9,2024-05-07
202,6,BH-GUM-008,21.385049,78.997774,137.6,35.13,10.22,17.78,0.159,3.62,Psilomelane-Pyrolusite Matrix,Bichua Formation (Dolomitic Marble),90.3,2024-11-04
203,6,BH-GUM-009,21.399432,78.968102,93.1,42.32,9.24,12.31,0.151,3.64,Manganiferous Quartzite,Chorbaoli Formation (Quartzite/Schist),93.5,2023-10-13
204,6,BH-GUM-010,21.39396,78.98766,136.7,34.96,11.0,17.07,0.146,3.72,Manganiferous Quartzite,Sitasaongi Formation (Quartz-Muscovite Schist),87.4,2025-07-29
205,6,BH-GUM-011,21.388395,78.97967,183.8,28.17,11.68,18.56,0.192,3.35,Manganiferous Quartzite,Lohangi Formation (Pink Calcite Marble & Calc-Granulite),93.8,2024-07-20
206,6,BH-GUM-012,21.396146,78.969433,115.7,34.65,10.12,15.79,0.133,3.64,Calc-Silicate Granulite (Footwall),Chorbaoli Formation (Quartzite/Schist),91.5,2024-01-23
207,6,BH-GUM-013,21.411926,78.967823,51.9,41.61,8.41,12.66,0.104,3.73,Quartz-Muscovite Schist (Hanging Wall),Sitasaongi Formation (Quartz-Muscovite Schist),84.2,2022-09-13
208,6,BH-GUM-014,21.417665,78.982585,64.6,46.78,6.0,8.55,0.143,3.79,Quartz-Muscovite Schist (Hanging Wall),Bichua Formation (Dolomitic Marble),90.1,2025-11-17
209,6,BH-GUM-015,21.385059,78.993015,156.8,27.36,12.67,17.26,0.196,3.25,Lateritic Manganese Capping,Lohangi Formation (Pink Calcite Marble & Calc-Granulite),84.7,2024-06-08
210,6,BH-GUM-016,21.416766,78.980829,24.1,36.47,12.13,15.31,0.131,3.65,Braunite-Gondite Ore,Mansar Formation (Main Mn Ore Horizon),86.1,2023-11-12
211,6,BH-GUM-017,21.406856,78.97076,168.1,27.24,12.63,20.06,0.189,3.24,Braunite-Gondite Ore,Sitasaongi Formation (Quartz-Muscovite Schist),83.7,2023-05-02
212,6,BH-GUM-018,21.39435,78.993567,203.7,30.62,14.14,19.97,0.168,3.36,Calc-Silicate Granulite (Footwall),Sitasaongi Formation (Quartz-Muscovite Schist),87.6,2021-07-19
213,6,BH-GUM-019,21.405327,78.98971,104.8,38.48,8.69,13.66,0.189,3.74,Psilomelane-Pyrolusite Matrix,Chorbaoli Formation (Quartzite/Schist),90.3,2024-02-05
214,6,BH-GUM-020,21.38864,78.98839,47.8,44.29,5.01,10.4,0.148,3.84,Quartz-Muscovite Schist (Hanging Wall),Sitasaongi Formation (Quartz-Muscovite Schist),82.5,2024-06-11
215,6,BH-GUM-021,21.410656,78.986118,196.0,27.34,13.65,20.95,0.173,3.33,Calc-Silicate Granulite (Footwall),Chorbaoli Formation (Quartzite/Schist),87.9,2022-02-08
216,6,BH-GUM-022,21.403491,78.98734,108.8,42.37,8.26,16.51,0.133,3.7,Calc-Silicate Granulite (Footwall),Mansar Formation (Main Mn Ore Horizon),87.6,2025-09-28
217,6,BH-GUM-023,21.393275,78.973922,108.9,40.27,10.7,15.14,0.115,3.57,Braunite-Gondite Ore,Chorbaoli Formation (Quartzite/Schist),88.0,2021-10-17
218,6,BH-GUM-024,21.404878,78.990297,119.7,34.63,10.35,16.9,0.153,3.57,Lateritic Manganese Capping,Chorbaoli Formation (Quartzite/Schist),90.9,2023-09-30
219,6,BH-GUM-025,21.389025,78.979155,74.2,44.34,9.94,9.41,0.116,3.85,Calc-Silicate Granulite (Footwall),Bichua Formation (Dolomitic Marble),92.4,2023-04-18
220,6,BH-GUM-026,21.383111,78.992731,155.4,30.88,10.14,19.85,0.161,3.44,Manganiferous Quartzite,Mansar Formation (Main Mn Ore Horizon),86.4,2024-01-07
221,6,BH-GUM-027,21.391644,78.984885,74.2,43.11,6.68,12.9,0.129,3.63,Manganiferous Quartzite,Bichua Formation (Dolomitic Marble),95.2,2021-03-27
222,6,BH-GUM-028,21.405532,78.974244,170.8,30.43,11.48,18.76,0.138,3.49,Braunite-Gondite Ore,Sitasaongi Formation (Quartz-Muscovite Schist),86.2,2025-11-01
223,6,BH-GUM-029,21.394623,78.99092,182.4,22.76,16.15,21.97,0.16,3.29,Lateritic Manganese Capping,Sitasaongi Formation (Quartz-Muscovite Schist),84.7,2021-10-13
224,6,BH-GUM-030,21.403487,78.971395,175.9,27.32,14.1,16.71,0.139,3.31,Lateritic Manganese Capping,Lohangi Formation (Pink Calcite Marble & Calc-Granulite),86.6,2022-07-02
225,6,BH-GUM-031,21.384134,78.975317,210.2,24.36,13.97,21.42,0.164,3.28,Lateritic Manganese Capping,Chorbaoli Formation (Quartzite/Schist),93.2,2021-09-29
226,6,BH-GUM-032,21.399621,78.98612,66.2,39.93,8.68,10.75,0.149,3.54,Manganiferous Quartzite,Sitasaongi Formation (Quartz-Muscovite Schist),88.0,2021-06-04
227,6,BH-GUM-033,21.416209,78.977115,144.9,33.65,10.87,15.41,0.157,3.58,Braunite-Gondite Ore,Mansar Formation (Main Mn Ore Horizon),93.7,2023-07-28
228,6,BH-GUM-034,21.416853,78.995028,145.1,31.88,11.04,14.34,0.162,3.39,Quartz-Muscovite Schist (Hanging Wall),Lohangi Formation (Pink Calcite Marble & Calc-Granulite),87.2,2022-08-04
229,6,BH-GUM-035,21.385585,78.993553,84.2,39.07,8.77,12.77,0.154,3.63,Quartz-Muscovite Schist (Hanging Wall),Mansar Formation (Main Mn Ore Horizon),84.0,2025-10-23
230,6,BH-GUM-036,21.414739,78.99709,47.4,40.3,5.52,15.37,0.099,3.78,Manganiferous Quartzite,Chorbaoli Formation (Quartzite/Schist),96.0,2025-12-01
231,6,BH-GUM-037,21.392998,78.990513,71.2,41.47,7.98,10.64,0.178,3.74,Psilomelane-Pyrolusite Matrix,Sitasaongi Formation (Quartz-Muscovite Schist),92.5,2024-12-12
232,6,BH-GUM-038,21.398022,78.965623,34.5,41.26,8.91,14.14,0.135,3.64,Manganiferous Quartzite,Mansar Formation (Main Mn Ore Horizon),97.8,2023-05-15
233,6,BH-GUM-039,21.392773,78.979111,157.3,29.79,12.59,21.35,0.193,3.48,Psilomelane-Pyrolusite Matrix,Chorbaoli Formation (Quartzite/Schist),83.1,2024-02-28
234,6,BH-GUM-040,21.387449,78.980155,16.7,37.47,9.25,13.57,0.149,3.49,Lateritic Manganese Capping,Sitasaongi Formation (Quartz-Muscovite Schist),95.8,2021-06-27
235,6,BH-GUM-041,21.39092,78.988539,198.8,30.63,12.67,18.01,0.147,3.31,Psilomelane-Pyrolusite Matrix,Bichua Formation (Dolomitic Marble),91.6,2025-01-16
236,6,BH-GUM-042,21.392859,78.983972,139.6,35.42,11.0,13.35,0.17,3.45,Calc-Silicate Granulite (Footwall),Chorbaoli Formation (Quartzite/Schist),94.0,2022-08-29
237,6,BH-GUM-043,21.384556,78.997327,147.5,33.48,9.2,17.05,0.182,3.51,Braunite-Gondite Ore,Lohangi Formation (Pink Calcite Marble & Calc-Granulite),96.9,2021-09-28
238,6,BH-GUM-044,21.398957,79.000878,94.3,44.35,8.47,10.45,0.134,3.75,Braunite-Gondite Ore,Mansar Formation (Main Mn Ore Horizon),91.4,2021-01-29
239,6,BH-GUM-045,21.396956,78.990598,68.7,43.4,8.22,12.99,0.129,3.68,Braunite-Gondite Ore,Bichua Formation (Dolomitic Marble),90.6,2021-11-09
240,6,BH-GUM-046,21.40131,78.979399,71.9,40.41,8.54,15.82,0.17,3.81,Lateritic Manganese Capping,Mansar Formation (Main Mn Ore Horizon),87.0,2023-06-15
241,6,BH-GUM-047,21.393134,78.992034,164.6,31.51,11.58,19.47,0.18,3.35,Lateritic Manganese Capping,Chorbaoli Formation (Quartzite/Schist),83.9,2024-12-20
242,6,BH-GUM-048,21.41161,78.974666,43.1,41.42,10.15,13.51,0.14,3.77,Manganiferous Quartzite,Chorbaoli Formation (Quartzite/Schist),94.0,2025-11-24
243,6,BH-GUM-049,21.407644,78.986092,70.1,45.8,5.99,14.6,0.163,3.8,Braunite-Gondite Ore,Sitasaongi Formation (Quartz-Muscovite Schist),89.3,2023-01-08
244,6,BH-GUM-050,21.414194,78.989601,26.4,38.59,10.11,13.79,0.173,3.74,Braunite-Gondite Ore,Chorbaoli Formation (Quartzite/Schist),93.9,2021-01-06
245,7,BH-PAR-001,21.383273,79.230912,191.0,34.11,11.11,13.99,0.189,3.61,Lateritic Manganese Capping,Sitasaongi Formation (Quartz-Muscovite Schist),85.6,2022-05-24
246,7,BH-PAR-002,21.400073,79.23447,100.3,50.18,5.77,8.01,0.157,3.94,Psilomelane-Pyrolusite Matrix,Chorbaoli Formation (Quartzite/Schist),94.9,2021-04-05
247,7,BH-PAR-003,21.382287,79.209224,210.6,35.61,11.17,15.27,0.196,3.51,Calc-Silicate Granulite (Footwall),Lohangi Formation (Pink Calcite Marble & Calc-Granulite),93.8,2022-05-12
248,7,BH-PAR-004,21.414416,79.229377,110.1,45.46,6.28,10.4,0.148,3.74,Psilomelane-Pyrolusite Matrix,Chorbaoli Formation (Quartzite/Schist),82.1,2023-04-20
249,7,BH-PAR-005,21.395546,79.228571,19.9,37.29,9.63,15.13,0.155,3.53,Manganiferous Quartzite,Mansar Formation (Main Mn Ore Horizon),85.3,2022-05-03
250,7,BH-PAR-006,21.38358,79.210333,101.1,47.95,9.78,9.26,0.153,3.9,Calc-Silicate Granulite (Footwall),Sitasaongi Formation (Quartz-Muscovite Schist),93.2,2023-02-02
251,7,BH-PAR-007,21.384242,79.225848,109.0,42.82,6.72,10.17,0.144,3.64,Psilomelane-Pyrolusite Matrix,Chorbaoli Formation (Quartzite/Schist),86.7,2025-10-09
252,7,BH-PAR-008,21.39179,79.204689,79.6,49.12,6.87,7.24,0.136,3.81,Psilomelane-Pyrolusite Matrix,Chorbaoli Formation (Quartzite/Schist),94.5,2024-04-12
253,7,BH-PAR-009,21.398269,79.21868,37.3,46.19,8.03,10.86,0.156,3.72,Braunite-Gondite Ore,Mansar Formation (Main Mn Ore Horizon),84.5,2024-11-06
254,7,BH-PAR-010,21.38734,79.227602,77.4,50.5,5.38,6.93,0.146,4.07,Manganiferous Quartzite,Sitasaongi Formation (Quartz-Muscovite Schist),90.2,2024-10-18
255,7,BH-PAR-011,21.38541,79.205669,76.3,47.9,6.0,13.82,0.143,3.75,Psilomelane-Pyrolusite Matrix,Mansar Formation (Main Mn Ore Horizon),82.2,2025-08-28
256,7,BH-PAR-012,21.415753,79.205025,175.1,32.81,11.64,18.41,0.141,3.56,Calc-Silicate Granulite (Footwall),Lohangi Formation (Pink Calcite Marble & Calc-Granulite),96.7,2021-06-03
257,7,BH-PAR-013,21.393936,79.203537,19.5,45.59,8.43,10.6,0.15,3.92,Quartz-Muscovite Schist (Hanging Wall),Mansar Formation (Main Mn Ore Horizon),84.7,2024-03-21
258,7,BH-PAR-014,21.394742,79.234699,103.8,41.2,8.59,11.38,0.133,3.75,Manganiferous Quartzite,Lohangi Formation (Pink Calcite Marble & Calc-Granulite),89.1,2021-11-01
259,7,BH-PAR-015,21.392072,79.20694,22.1,39.77,8.66,13.58,0.174,3.63,Psilomelane-Pyrolusite Matrix,Bichua Formation (Dolomitic Marble),86.0,2025-07-01
260,7,BH-PAR-016,21.410132,79.214385,126.4,39.25,10.61,14.55,0.151,3.55,Calc-Silicate Granulite (Footwall),Bichua Formation (Dolomitic Marble),87.1,2022-07-08
261,7,BH-PAR-017,21.40106,79.229606,51.9,45.52,8.2,13.99,0.134,4.02,Psilomelane-Pyrolusite Matrix,Chorbaoli Formation (Quartzite/Schist),83.6,2024-09-07
262,7,BH-PAR-018,21.416121,79.222725,64.4,50.05,4.5,8.81,0.139,3.77,Quartz-Muscovite Schist (Hanging Wall),Lohangi Formation (Pink Calcite Marble & Calc-Granulite),97.0,2025-09-28
263,7,BH-PAR-019,21.394661,79.222435,50.6,46.29,8.23,11.04,0.129,3.71,Psilomelane-Pyrolusite Matrix,Bichua Formation (Dolomitic Marble),97.2,2025-09-10
264,7,BH-PAR-020,21.385249,79.210374,217.5,30.91,13.14,16.67,0.153,3.53,Psilomelane-Pyrolusite Matrix,Mansar Formation (Main Mn Ore Horizon),90.4,2021-01-02
265,7,BH-PAR-021,21.384144,79.207318,83.0,43.38,6.69,11.87,0.16,3.79,Lateritic Manganese Capping,Chorbaoli Formation (Quartzite/Schist),94.4,2025-09-30
266,7,BH-PAR-022,21.403097,79.214116,122.9,35.42,10.36,16.59,0.153,3.44,Manganiferous Quartzite,Chorbaoli Formation (Quartzite/Schist),97.6,2025-02-08
267,7,BH-PAR-023,21.415438,79.230332,209.5,34.73,7.94,15.71,0.149,3.65,Psilomelane-Pyrolusite Matrix,Bichua Formation (Dolomitic Marble),95.0,2023-02-14
268,7,BH-PAR-024,21.416153,79.216098,77.9,46.41,6.91,10.25,0.139,3.62,Calc-Silicate Granulite (Footwall),Mansar Formation (Main Mn Ore Horizon),84.9,2022-10-14
269,7,BH-PAR-025,21.390568,79.237366,203.8,34.86,10.67,12.44,0.132,3.62,Psilomelane-Pyrolusite Matrix,Mansar Formation (Main Mn Ore Horizon),95.1,2024-10-04
270,7,BH-PAR-026,21.384441,79.21124,146.0,39.62,10.31,12.89,0.151,3.71,Braunite-Gondite Ore,Mansar Formation (Main Mn Ore Horizon),82.8,2023-06-17
271,8,BH-SIT-001,21.677061,79.669477,101.0,38.74,10.68,15.8,0.147,3.52,Lateritic Manganese Capping,Chorbaoli Formation (Quartzite/Schist),84.6,2021-05-31
272,8,BH-SIT-002,21.660972,79.680633,178.8,31.81,12.06,17.76,0.164,3.5,Psilomelane-Pyrolusite Matrix,Mansar Formation (Main Mn Ore Horizon),90.8,2021-07-10
273,8,BH-SIT-003,21.664298,79.650595,84.3,44.69,7.46,11.35,0.128,3.71,Manganiferous Quartzite,Chorbaoli Formation (Quartzite/Schist),97.6,2023-04-19
274,8,BH-SIT-004,21.657219,79.650454,157.9,26.84,13.07,17.05,0.161,3.41,Calc-Silicate Granulite (Footwall),Bichua Formation (Dolomitic Marble),95.4,2021-11-11
275,8,BH-SIT-005,21.656117,79.671642,26.2,36.49,10.34,16.71,0.137,3.54,Braunite-Gondite Ore,Sitasaongi Formation (Quartz-Muscovite Schist),95.5,2022-09-24
276,8,BH-SIT-006,21.662618,79.662024,175.9,28.74,10.3,19.76,0.167,3.5,Quartz-Muscovite Schist (Hanging Wall),Lohangi Formation (Pink Calcite Marble & Calc-Granulite),85.0,2021-04-02
277,8,BH-SIT-007,21.651752,79.661043,69.0,38.27,9.94,14.7,0.164,3.62,Calc-Silicate Granulite (Footwall),Sitasaongi Formation (Quartz-Muscovite Schist),97.5,2024-04-22
278,8,BH-SIT-008,21.673401,79.682376,61.6,36.1,11.55,16.42,0.11,3.54,Calc-Silicate Granulite (Footwall),Chorbaoli Formation (Quartzite/Schist),89.6,2021-06-11
279,8,BH-SIT-009,21.653975,79.68284,95.9,38.56,9.41,12.69,0.141,3.42,Quartz-Muscovite Schist (Hanging Wall),Chorbaoli Formation (Quartzite/Schist),97.2,2021-12-09
280,8,BH-SIT-010,21.664341,79.684569,214.3,24.82,14.28,19.96,0.117,3.41,Lateritic Manganese Capping,Chorbaoli Formation (Quartzite/Schist),95.3,2022-06-13
281,8,BH-SIT-011,21.667376,79.681685,80.5,39.04,7.35,16.39,0.174,3.49,Braunite-Gondite Ore,Bichua Formation (Dolomitic Marble),91.4,2025-05-20
282,8,BH-SIT-012,21.682494,79.681964,101.0,35.86,9.94,16.39,0.132,3.49,Calc-Silicate Granulite (Footwall),Mansar Formation (Main Mn Ore Horizon),94.6,2025-11-12
283,8,BH-SIT-013,21.658582,79.653846,124.8,32.21,12.72,15.97,0.175,3.46,Calc-Silicate Granulite (Footwall),Sitasaongi Formation (Quartz-Muscovite Schist),82.6,2025-12-06
284,8,BH-SIT-014,21.649395,79.678093,83.0,39.09,9.65,17.38,0.201,3.56,Manganiferous Quartzite,Lohangi Formation (Pink Calcite Marble & Calc-Granulite),86.5,2023-10-04
285,8,BH-SIT-015,21.660218,79.674904,190.9,25.5,10.89,20.74,0.189,3.31,Calc-Silicate Granulite (Footwall),Mansar Formation (Main Mn Ore Horizon),85.0,2022-03-09
286,8,BH-SIT-016,21.65069,79.677161,202.3,23.69,13.27,22.0,0.156,3.26,Braunite-Gondite Ore,Lohangi Formation (Pink Calcite Marble & Calc-Granulite),93.4,2023-04-07
287,8,BH-SIT-017,21.657649,79.665099,42.8,41.04,6.88,14.69,0.159,3.76,Manganiferous Quartzite,Chorbaoli Formation (Quartzite/Schist),86.4,2025-08-14
288,8,BH-SIT-018,21.666263,79.664727,110.2,31.89,9.63,20.11,0.164,3.41,Quartz-Muscovite Schist (Hanging Wall),Bichua Formation (Dolomitic Marble),90.8,2022-12-07
289,8,BH-SIT-019,21.669268,79.683404,48.5,41.98,7.34,12.56,0.136,3.67,Psilomelane-Pyrolusite Matrix,Chorbaoli Formation (Quartzite/Schist),92.8,2022-07-06
290,8,BH-SIT-020,21.665734,79.65343,148.6,31.47,9.54,17.54,0.193,3.43,Psilomelane-Pyrolusite Matrix,Bichua Formation (Dolomitic Marble),94.8,2022-04-04
291,8,BH-SIT-021,21.661221,79.657739,66.7,40.71,8.01,16.21,0.155,3.61,Quartz-Muscovite Schist (Hanging Wall),Lohangi Formation (Pink Calcite Marble & Calc-Granulite),92.8,2025-08-16
292,8,BH-SIT-022,21.678885,79.668879,142.8,32.25,11.55,17.38,0.216,3.47,Calc-Silicate Granulite (Footwall),Bichua Formation (Dolomitic Marble),86.5,2024-11-02
293,8,BH-SIT-023,21.680792,79.659423,37.2,44.04,9.31,9.91,0.114,3.75,Psilomelane-Pyrolusite Matrix,Bichua Formation (Dolomitic Marble),94.2,2021-04-27
294,8,BH-SIT-024,21.674633,79.672261,180.1,32.38,12.16,15.12,0.142,3.37,Manganiferous Quartzite,Lohangi Formation (Pink Calcite Marble & Calc-Granulite),96.5,2023-04-09
295,8,BH-SIT-025,21.667914,79.676923,94.6,42.16,8.92,11.98,0.144,3.7,Lateritic Manganese Capping,Lohangi Formation (Pink Calcite Marble & Calc-Granulite),90.1,2025-09-28
296,8,BH-SIT-026,21.67534,79.674774,49.8,37.1,9.29,13.38,0.147,3.68,Calc-Silicate Granulite (Footwall),Chorbaoli Formation (Quartzite/Schist),97.2,2022-11-19
297,8,BH-SIT-027,21.669748,79.665362,149.2,30.74,13.0,19.47,0.154,3.5,Braunite-Gondite Ore,Sitasaongi Formation (Quartz-Muscovite Schist),82.9,2024-07-23
298,8,BH-SIT-028,21.679897,79.662407,134.6,30.61,12.64,17.99,0.183,3.37,Manganiferous Quartzite,Sitasaongi Formation (Quartz-Muscovite Schist),82.9,2025-10-16
299,8,BH-SIT-029,21.679713,79.65516,45.9,40.68,8.93,17.49,0.16,3.72,Braunite-Gondite Ore,Sitasaongi Formation (Quartz-Muscovite Schist),87.3,2021-12-29
300,8,BH-SIT-030,21.669413,79.654371,79.2,39.65,10.54,14.86,0.166,3.79,Braunite-Gondite Ore,Chorbaoli Formation (Quartzite/Schist),91.8,2024-07-21
301,8,BH-SIT-031,21.680779,79.675914,103.0,34.57,11.53,18.67,0.167,3.51,Calc-Silicate Granulite (Footwall),Chorbaoli Formation (Quartzite/Schist),82.3,2021-01-09
302,8,BH-SIT-032,21.662475,79.669859,143.5,24.98,14.02,22.0,0.169,3.33,Psilomelane-Pyrolusite Matrix,Mansar Formation (Main Mn Ore Horizon),95.2,2022-09-03
303,8,BH-SIT-033,21.684528,79.666313,209.4,25.03,14.39,18.84,0.164,3.28,Psilomelane-Pyrolusite Matrix,Chorbaoli Formation (Quartzite/Schist),97.2,2025-07-21
304,8,BH-SIT-034,21.669896,79.65475,97.7,36.68,10.52,18.37,0.188,3.68,Manganiferous Quartzite,Mansar Formation (Main Mn Ore Horizon),88.0,2024-08-04
305,8,BH-SIT-035,21.673498,79.663671,67.4,39.23,9.36,17.0,0.162,3.63,Quartz-Muscovite Schist (Hanging Wall),Mansar Formation (Main Mn Ore Horizon),90.8,2023-08-30
306,8,BH-SIT-036,21.652302,79.667398,158.9,29.16,13.17,21.51,0.195,3.4,Calc-Silicate Granulite (Footwall),Bichua Formation (Dolomitic Marble),93.2,2023-05-08
307,8,BH-SIT-037,21.655858,79.658135,185.3,31.45,13.11,18.5,0.173,3.5,Calc-Silicate Granulite (Footwall),Chorbaoli Formation (Quartzite/Schist),87.7,2023-04-20
308,8,BH-SIT-038,21.660569,79.648766,75.5,40.96,10.26,14.08,0.167,3.86,Lateritic Manganese Capping,Mansar Formation (Main Mn Ore Horizon),96.5,2025-09-07
309,8,BH-SIT-039,21.671863,79.66511,132.7,26.35,13.68,20.27,0.163,3.3,Manganiferous Quartzite,Lohangi Formation (Pink Calcite Marble & Calc-Granulite),89.4,2021-07-24
310,8,BH-SIT-040,21.664003,79.652839,181.7,23.05,16.27,19.12,0.149,3.35,Braunite-Gondite Ore,Mansar Formation (Main Mn Ore Horizon),95.6,2024-09-20
311,8,BH-SIT-041,21.661005,79.652765,147.7,28.07,15.26,20.74,0.167,3.37,Quartz-Muscovite Schist (Hanging Wall),Sitasaongi Formation (Quartz-Muscovite Schist),86.3,2023-03-01
312,8,BH-SIT-042,21.653437,79.674818,156.4,27.37,12.0,19.94,0.179,3.33,Psilomelane-Pyrolusite Matrix,Mansar Formation (Main Mn Ore Horizon),88.7,2024-04-24
313,8,BH-SIT-043,21.680345,79.674849,113.9,32.96,10.91,14.77,0.135,3.37,Psilomelane-Pyrolusite Matrix,Sitasaongi Formation (Quartz-Muscovite Schist),96.7,2021-08-20
314,8,BH-SIT-044,21.679927,79.66756,197.0,24.86,13.64,21.05,0.171,3.29,Lateritic Manganese Capping,Bichua Formation (Dolomitic Marble),93.6,2022-04-04
315,8,BH-SIT-045,21.657616,79.661114,215.5,26.81,12.47,17.17,0.158,3.44,Lateritic Manganese Capping,Sitasaongi Formation (Quartz-Muscovite Schist),84.4,2025-08-20
316,8,BH-SIT-046,21.679225,79.679334,129.5,35.0,11.2,16.2,0.153,3.5,Psilomelane-Pyrolusite Matrix,Mansar Formation (Main Mn Ore Horizon),94.0,2022-10-19
317,8,BH-SIT-047,21.665194,79.677512,64.4,40.71,8.9,14.12,0.184,3.63,Quartz-Muscovite Schist (Hanging Wall),Mansar Formation (Main Mn Ore Horizon),95.7,2023-07-05
318,8,BH-SIT-048,21.649957,79.668435,79.8,40.78,10.92,13.29,0.173,3.69,Braunite-Gondite Ore,Bichua Formation (Dolomitic Marble),97.4,2024-07-29
319,9,BH-TIR-001,21.695451,79.727007,197.5,27.76,12.45,17.93,0.17,3.43,Calc-Silicate Granulite (Footwall),Bichua Formation (Dolomitic Marble),89.6,2024-09-07
320,9,BH-TIR-002,21.677841,79.737868,89.5,39.08,8.98,14.65,0.156,3.63,Manganiferous Quartzite,Bichua Formation (Dolomitic Marble),90.4,2024-12-08
321,9,BH-TIR-003,21.672109,79.719403,36.8,43.49,7.24,13.72,0.125,3.69,Quartz-Muscovite Schist (Hanging Wall),Chorbaoli Formation (Quartzite/Schist),89.3,2025-05-20
322,9,BH-TIR-004,21.689253,79.719492,54.1,44.6,6.67,14.51,0.183,3.8,Quartz-Muscovite Schist (Hanging Wall),Sitasaongi Formation (Quartz-Muscovite Schist),92.5,2023-10-30
323,9,BH-TIR-005,21.683356,79.748218,42.6,39.03,9.52,18.45,0.18,3.69,Psilomelane-Pyrolusite Matrix,Bichua Formation (Dolomitic Marble),84.8,2025-07-28
324,9,BH-TIR-006,21.678904,79.750318,41.3,39.47,8.13,15.82,0.177,3.58,Lateritic Manganese Capping,Chorbaoli Formation (Quartzite/Schist),86.4,2022-12-04
325,9,BH-TIR-007,21.69031,79.746041,214.0,29.68,12.69,16.26,0.177,3.41,Lateritic Manganese Capping,Bichua Formation (Dolomitic Marble),92.1,2022-02-16
326,9,BH-TIR-008,21.69063,79.750162,58.0,41.81,8.22,10.51,0.156,3.68,Psilomelane-Pyrolusite Matrix,Bichua Formation (Dolomitic Marble),90.7,2024-07-28
327,9,BH-TIR-009,21.691979,79.745346,81.1,45.73,8.11,9.1,0.146,3.76,Manganiferous Quartzite,Sitasaongi Formation (Quartz-Muscovite Schist),94.9,2023-12-07
328,9,BH-TIR-010,21.693335,79.750463,36.8,38.92,9.26,14.89,0.172,3.66,Lateritic Manganese Capping,Lohangi Formation (Pink Calcite Marble & Calc-Granulite),84.3,2021-05-08
329,9,BH-TIR-011,21.691678,79.74619,156.6,31.83,13.74,20.91,0.18,3.59,Lateritic Manganese Capping,Bichua Formation (Dolomitic Marble),88.2,2023-11-13
330,9,BH-TIR-012,21.679008,79.749497,175.8,34.75,11.18,14.95,0.134,3.38,Lateritic Manganese Capping,Lohangi Formation (Pink Calcite Marble & Calc-Granulite),97.5,2021-04-21
331,9,BH-TIR-013,21.690423,79.738371,17.7,37.72,11.6,15.73,0.12,3.69,Calc-Silicate Granulite (Footwall),Bichua Formation (Dolomitic Marble),93.8,2022-02-07
332,9,BH-TIR-014,21.671787,79.721313,174.1,26.99,14.34,19.52,0.182,3.46,Calc-Silicate Granulite (Footwall),Mansar Formation (Main Mn Ore Horizon),88.0,2023-05-28
333,9,BH-TIR-015,21.666494,79.748487,72.2,44.24,8.55,12.2,0.149,3.58,Calc-Silicate Granulite (Footwall),Mansar Formation (Main Mn Ore Horizon),94.4,2024-07-04
334,9,BH-TIR-016,21.693281,79.726499,141.2,35.98,9.75,14.03,0.138,3.53,Psilomelane-Pyrolusite Matrix,Chorbaoli Formation (Quartzite/Schist),90.3,2025-05-30
335,9,BH-TIR-017,21.678045,79.72292,118.6,35.75,11.31,16.98,0.17,3.57,Calc-Silicate Granulite (Footwall),Bichua Formation (Dolomitic Marble),89.6,2024-02-24
336,9,BH-TIR-018,21.697618,79.737149,183.9,33.62,11.4,16.84,0.152,3.43,Calc-Silicate Granulite (Footwall),Chorbaoli Formation (Quartzite/Schist),97.3,2024-10-29
337,9,BH-TIR-019,21.683663,79.742794,196.6,27.86,14.54,20.51,0.181,3.37,Calc-Silicate Granulite (Footwall),Bichua Formation (Dolomitic Marble),89.1,2021-03-31
338,9,BH-TIR-020,21.700035,79.742895,75.8,43.73,7.39,11.03,0.155,3.77,Calc-Silicate Granulite (Footwall),Mansar Formation (Main Mn Ore Horizon),92.0,2022-03-08
339,9,BH-TIR-021,21.7002,79.742963,152.4,34.14,8.7,15.89,0.164,3.4,Lateritic Manganese Capping,Mansar Formation (Main Mn Ore Horizon),94.0,2021-11-11
340,9,BH-TIR-022,21.674125,79.717592,19.9,37.23,10.02,14.76,0.168,3.62,Psilomelane-Pyrolusite Matrix,Lohangi Formation (Pink Calcite Marble & Calc-Granulite),88.5,2023-07-13
341,9,BH-TIR-023,21.692271,79.736138,144.2,33.93,11.23,15.7,0.137,3.44,Lateritic Manganese Capping,Mansar Formation (Main Mn Ore Horizon),87.7,2023-10-27
342,9,BH-TIR-024,21.680812,79.72928,36.8,38.47,9.92,13.2,0.182,3.69,Lateritic Manganese Capping,Mansar Formation (Main Mn Ore Horizon),89.6,2023-12-29
343,9,BH-TIR-025,21.696987,79.749809,60.1,43.97,5.79,13.09,0.139,3.71,Lateritic Manganese Capping,Lohangi Formation (Pink Calcite Marble & Calc-Granulite),97.3,2021-01-23
344,9,BH-TIR-026,21.684393,79.749147,128.5,35.12,10.18,15.88,0.187,3.55,Manganiferous Quartzite,Chorbaoli Formation (Quartzite/Schist),94.0,2025-01-26
345,9,BH-TIR-027,21.672052,79.721585,85.5,40.54,9.93,12.69,0.151,3.7,Calc-Silicate Granulite (Footwall),Mansar Formation (Main Mn Ore Horizon),95.6,2024-01-30
346,9,BH-TIR-028,21.691177,79.732595,109.6,44.72,6.74,11.42,0.157,3.79,Manganiferous Quartzite,Lohangi Formation (Pink Calcite Marble & Calc-Granulite),84.1,2024-09-04
347,9,BH-TIR-029,21.69002,79.720542,63.1,44.02,8.36,12.91,0.174,3.7,Calc-Silicate Granulite (Footwall),Lohangi Formation (Pink Calcite Marble & Calc-Granulite),94.9,2023-05-28
348,9,BH-TIR-030,21.675016,79.727997,49.6,46.3,6.37,14.08,0.148,3.7,Lateritic Manganese Capping,Lohangi Formation (Pink Calcite Marble & Calc-Granulite),96.0,2023-08-06
349,9,BH-TIR-031,21.694808,79.747143,106.3,41.09,7.48,15.52,0.177,3.74,Psilomelane-Pyrolusite Matrix,Lohangi Formation (Pink Calcite Marble & Calc-Granulite),93.7,2024-07-07
350,9,BH-TIR-032,21.686004,79.729641,30.7,41.1,9.06,13.66,0.149,3.69,Calc-Silicate Granulite (Footwall),Chorbaoli Formation (Quartzite/Schist),96.5,2024-02-04
351,9,BH-TIR-033,21.686282,79.745914,68.4,46.83,6.09,10.35,0.137,3.69,Psilomelane-Pyrolusite Matrix,Sitasaongi Formation (Quartz-Muscovite Schist),90.0,2021-07-05
352,9,BH-TIR-034,21.687161,79.721026,96.3,45.56,5.65,11.46,0.17,3.68,Calc-Silicate Granulite (Footwall),Chorbaoli Formation (Quartzite/Schist),89.1,2022-01-02
